[
  {
    "id": 1,
    "name": "TechNova",
    "location": "USA",
    "industry": "Technology"
  },
  {
    "id": 2,
    "name": "FinCorp",
    "location": "UK",
    "industry": "Finance"
  },
  {
    "id": 3,
    "name": "HealthPlus",
    "location": "India",
    "industry": "Healthcare"
  },
  {
    "id": 4,
    "name": "ShopEase",
    "location": "Germany",
    "industry": "E-commerce"
  },
  {
    "id": 5,
    "name": "CodeWorks",
    "location": "USA",
    "industry": "Technology"
  },
  {
    "id": 6,
    "name": "MoneyMatters",
    "location": "UK",
    "industry": "Finance"
  },
  {
    "id": 7,
    "name": "MediCare",
    "location": "India",
    "industry": "Healthcare"
  },
  {
    "id": 8,
    "name": "BuySmart",
    "location": "Germany",
    "industry": "E-commerce"
  },
  {
    "id": 9,
    "name": "InnoTech",
    "location": "USA",
    "industry": "Technology"
  },
  {
    "id": 10,
    "name": "FinanceHub",
    "location": "UK",
    "industry": "Finance"
  }
]
